{
  "within_mean": 0.0013912356147492797,
  "between_mean": 0.000384417389646647,
  "ratio": 3.61907565115119,
  "n_clusters": 5
}