{
  "within_mean": 0.001362064042315789,
  "between_mean": 0.00034162327197064684,
  "ratio": 3.987035293171775,
  "n_clusters": 6
}