{
  "within_mean": 0.0015373223179339375,
  "between_mean": 0.0005180920664182778,
  "ratio": 2.967276315504881,
  "n_clusters": 5
}