{
  "within_mean": 0.001253069650430613,
  "between_mean": 0.0003411128426069892,
  "ratio": 3.6734754424779266,
  "n_clusters": 4
}