{
  "within_mean": 0.0012961797080021853,
  "between_mean": 0.00035277655935485563,
  "ratio": 3.674222885932641,
  "n_clusters": 4
}