{
  "within_mean": 0.0014733703417733413,
  "between_mean": 0.00036929446599665765,
  "ratio": 3.9896897393167983,
  "n_clusters": 6
}