{
  "within_mean": 0.0014577651176104778,
  "between_mean": 0.00035841240979480975,
  "ratio": 4.067284161407929,
  "n_clusters": 5
}