{
  "within_mean": 0.0012612725261101924,
  "between_mean": 0.0003443910825880757,
  "ratio": 3.662326319926215,
  "n_clusters": 5
}