{
  "within_mean": 0.0013998023365784742,
  "between_mean": 0.0003711258801172506,
  "ratio": 3.771772359653904,
  "n_clusters": 5
}