{
  "within_mean": 0.001266444147907828,
  "between_mean": 0.0003465892078233263,
  "ratio": 3.654020723442137,
  "n_clusters": 4
}