{
  "within_mean": 0.0012816555122462622,
  "between_mean": 0.00034313779112209256,
  "ratio": 3.735104513131967,
  "n_clusters": 4
}