{
  "within_mean": 0.001447879879822156,
  "between_mean": 0.0003731469675284333,
  "ratio": 3.8801866444535142,
  "n_clusters": 5
}