{
  "HSC": {
    "top_10_recall": 0.5,
    "top_10_recall_specificity": 0.5,
    "marker_ranks_raw": {
      "CD38": {
        "resolved": "CD38-1",
        "rank": 23,
        "n_tokens": 134,
        "percentile": 0.835820895522388
      },
      "CD45RA": {
        "resolved": "CD45RA",
        "rank": 7,
        "n_tokens": 134,
        "percentile": 0.9552238805970149
      }
    },
    "marker_ranks_specificity": {
      "CD38": {
        "resolved": "CD38-1",
        "rank": 8,
        "n_tokens": 134,
        "percentile": 0.9477611940298507
      },
      "CD45RA": {
        "resolved": "CD45RA",
        "rank": 14,
        "n_tokens": 134,
        "percentile": 0.9029850746268657
      }
    }
  },
  "NK": {
    "top_10_recall": 0.3333333333333333,
    "top_10_recall_specificity": 0.6666666666666666,
    "marker_ranks_raw": {
      "CD56": {
        "resolved": "CD56",
        "rank": 11,
        "n_tokens": 134,
        "percentile": 0.9253731343283582
      },
      "CD16": {
        "resolved": "CD16",
        "rank": 20,
        "n_tokens": 134,
        "percentile": 0.8582089552238806
      },
      "CD335": {
        "resolved": "CD335",
        "rank": 8,
        "n_tokens": 134,
        "percentile": 0.9477611940298507
      }
    },
    "marker_ranks_specificity": {
      "CD56": {
        "resolved": "CD56",
        "rank": 12,
        "n_tokens": 134,
        "percentile": 0.917910447761194
      },
      "CD16": {
        "resolved": "CD16",
        "rank": 5,
        "n_tokens": 134,
        "percentile": 0.9701492537313433
      },
      "CD335": {
        "resolved": "CD335",
        "rank": 2,
        "n_tokens": 134,
        "percentile": 0.9925373134328358
      }
    }
  },
  "Transitional B": {
    "top_10_recall": 0.25,
    "top_10_recall_specificity": 0.5,
    "marker_ranks_raw": {
      "CD24": {
        "resolved": "CD24-1",
        "rank": 11,
        "n_tokens": 134,
        "percentile": 0.9253731343283582
      },
      "CD38": {
        "resolved": "CD38-1",
        "rank": 34,
        "n_tokens": 134,
        "percentile": 0.753731343283582
      },
      "IgM": {
        "resolved": "IgM",
        "rank": 5,
        "n_tokens": 134,
        "percentile": 0.9701492537313433
      },
      "CD19": {
        "resolved": "CD19-1",
        "rank": 31,
        "n_tokens": 134,
        "percentile": 0.7761194029850746
      }
    },
    "marker_ranks_specificity": {
      "CD24": {
        "resolved": "CD24-1",
        "rank": 1,
        "n_tokens": 134,
        "percentile": 1.0
      },
      "CD38": {
        "resolved": "CD38-1",
        "rank": 27,
        "n_tokens": 134,
        "percentile": 0.8059701492537313
      },
      "IgM": {
        "resolved": "IgM",
        "rank": 6,
        "n_tokens": 134,
        "percentile": 0.9626865671641791
      },
      "CD19": {
        "resolved": "CD19-1",
        "rank": 12,
        "n_tokens": 134,
        "percentile": 0.917910447761194
      }
    }
  },
  "pDC": {
    "top_10_recall": 0.6666666666666666,
    "top_10_recall_specificity": 1.0,
    "marker_ranks_raw": {
      "CD123": {
        "resolved": "CD123",
        "rank": 5,
        "n_tokens": 134,
        "percentile": 0.9701492537313433
      },
      "CD303": {
        "resolved": "CD303",
        "rank": 12,
        "n_tokens": 134,
        "percentile": 0.917910447761194
      },
      "CD304": {
        "resolved": "CD304",
        "rank": 8,
        "n_tokens": 134,
        "percentile": 0.9477611940298507
      }
    },
    "marker_ranks_specificity": {
      "CD123": {
        "resolved": "CD123",
        "rank": 2,
        "n_tokens": 134,
        "percentile": 0.9925373134328358
      },
      "CD303": {
        "resolved": "CD303",
        "rank": 1,
        "n_tokens": 134,
        "percentile": 1.0
      },
      "CD304": {
        "resolved": "CD304",
        "rank": 6,
        "n_tokens": 134,
        "percentile": 0.9626865671641791
      }
    }
  },
  "CD14+ Mono": {
    "top_10_recall": 0.25,
    "top_10_recall_specificity": 0.5,
    "marker_ranks_raw": {
      "CD14": {
        "resolved": "CD14-1",
        "rank": 34,
        "n_tokens": 134,
        "percentile": 0.753731343283582
      },
      "HLA-DR": {
        "resolved": "HLA-DR",
        "rank": 1,
        "n_tokens": 134,
        "percentile": 1.0
      },
      "CD11b": {
        "resolved": "CD11b",
        "rank": 31,
        "n_tokens": 134,
        "percentile": 0.7761194029850746
      },
      "CD64": {
        "resolved": "CD64",
        "rank": 24,
        "n_tokens": 134,
        "percentile": 0.8283582089552238
      }
    },
    "marker_ranks_specificity": {
      "CD14": {
        "resolved": "CD14-1",
        "rank": 15,
        "n_tokens": 134,
        "percentile": 0.8955223880597015
      },
      "HLA-DR": {
        "resolved": "HLA-DR",
        "rank": 8,
        "n_tokens": 134,
        "percentile": 0.9477611940298507
      },
      "CD11b": {
        "resolved": "CD11b",
        "rank": 24,
        "n_tokens": 134,
        "percentile": 0.8283582089552238
      },
      "CD64": {
        "resolved": "CD64",
        "rank": 6,
        "n_tokens": 134,
        "percentile": 0.9626865671641791
      }
    }
  },
  "CD16+ Mono": {
    "top_10_recall": 0.3333333333333333,
    "top_10_recall_specificity": 0.3333333333333333,
    "marker_ranks_raw": {
      "CD16": {
        "resolved": "CD16",
        "rank": 11,
        "n_tokens": 134,
        "percentile": 0.9253731343283582
      },
      "CX3CR1": {
        "resolved": "CX3CR1-1",
        "rank": 18,
        "n_tokens": 134,
        "percentile": 0.8731343283582089
      },
      "HLA-DR": {
        "resolved": "HLA-DR",
        "rank": 5,
        "n_tokens": 134,
        "percentile": 0.9701492537313433
      }
    },
    "marker_ranks_specificity": {
      "CD16": {
        "resolved": "CD16",
        "rank": 4,
        "n_tokens": 134,
        "percentile": 0.9776119402985075
      },
      "CX3CR1": {
        "resolved": "CX3CR1-1",
        "rank": 85,
        "n_tokens": 134,
        "percentile": 0.373134328358209
      },
      "HLA-DR": {
        "resolved": "HLA-DR",
        "rank": 38,
        "n_tokens": 134,
        "percentile": 0.7238805970149254
      }
    }
  },
  "CD4+ T naive": {
    "top_10_recall": 0.5,
    "top_10_recall_specificity": 1.0,
    "marker_ranks_raw": {
      "CD3": {
        "resolved": "CD3",
        "rank": 5,
        "n_tokens": 134,
        "percentile": 0.9701492537313433
      },
      "CD4": {
        "resolved": "CD4-1",
        "rank": 12,
        "n_tokens": 134,
        "percentile": 0.917910447761194
      },
      "CD45RA": {
        "resolved": "CD45RA",
        "rank": 3,
        "n_tokens": 134,
        "percentile": 0.9850746268656716
      },
      "CD62L": {
        "resolved": "CD62L",
        "rank": 19,
        "n_tokens": 134,
        "percentile": 0.8656716417910447
      }
    },
    "marker_ranks_specificity": {
      "CD3": {
        "resolved": "CD3",
        "rank": 3,
        "n_tokens": 134,
        "percentile": 0.9850746268656716
      },
      "CD4": {
        "resolved": "CD4-1",
        "rank": 5,
        "n_tokens": 134,
        "percentile": 0.9701492537313433
      },
      "CD45RA": {
        "resolved": "CD45RA",
        "rank": 2,
        "n_tokens": 134,
        "percentile": 0.9925373134328358
      },
      "CD62L": {
        "resolved": "CD62L",
        "rank": 9,
        "n_tokens": 134,
        "percentile": 0.9402985074626866
      }
    }
  },
  "CD4+ T activated": {
    "top_10_recall": 0.25,
    "top_10_recall_specificity": 0.5,
    "marker_ranks_raw": {
      "CD3": {
        "resolved": "CD3",
        "rank": 13,
        "n_tokens": 134,
        "percentile": 0.9104477611940298
      },
      "CD4": {
        "resolved": "CD4-1",
        "rank": 22,
        "n_tokens": 134,
        "percentile": 0.8432835820895522
      },