{
  "within_mean": 0.0014238894501303321,
  "between_mean": 0.00036482671971534896,
  "ratio": 3.902919860807625,
  "n_clusters": 6
}