{
  "within_mean": 0.0012970102021549988,
  "between_mean": 0.0003405554600099125,
  "ratio": 3.8085138970235475,
  "n_clusters": 4
}