{
  "within_mean": 0.0014786584840670038,
  "between_mean": 0.00036005992747737065,
  "ratio": 4.106701055090158,
  "n_clusters": 5
}