{
  "within_mean": 0.0015219814830486366,
  "between_mean": 0.00046859312593762605,
  "ratio": 3.2479808149196496,
  "n_clusters": 5
}