{
  "within_mean": 0.0014996367694905296,
  "between_mean": 0.000426783874149909,
  "ratio": 3.513808417615559,
  "n_clusters": 6
}