{
  "within_mean": 0.0014522111516242777,
  "between_mean": 0.0003657509127680957,
  "ratio": 3.9704922145882704,
  "n_clusters": 5
}