{
  "within_mean": 0.001263072804629224,
  "between_mean": 0.0003546202627854971,
  "ratio": 3.561761515565827,
  "n_clusters": 4
}