{
  "within_mean": 0.0011465999778787828,
  "between_mean": 0.0003377289502068776,
  "ratio": 3.39503017782878,
  "n_clusters": 6
}