{
  "within_mean": 0.001629187077451822,
  "between_mean": 0.0003542203738337528,
  "ratio": 4.599360166155922,
  "n_clusters": 10
}