{
  "within_mean": 0.0014523700247294862,
  "between_mean": 0.0003569135639851713,
  "ratio": 4.069248611660575,
  "n_clusters": 6
}