{
  "HSC": {
    "top_10_recall": 0.5,
    "top_10_recall_specificity": 0.0,
    "marker_ranks_raw": {
      "CD38": {
        "resolved": "CD38-1",
        "rank": 110,
        "n_tokens": 134,
        "percentile": 0.1865671641791045
      },
      "CD45RA": {
        "resolved": "CD45RA",
        "rank": 2,
        "n_tokens": 134,
        "percentile": 0.9925373134328358
      }
    },
    "marker_ranks_specificity": {
      "CD38": {
        "resolved": "CD38-1",
        "rank": 64,
        "n_tokens": 134,
        "percentile": 0.5298507462686567
      },
      "CD45RA": {
        "resolved": "CD45RA",
        "rank": 126,
        "n_tokens": 134,
        "percentile": 0.06716417910447761
      }
    }
  },
  "NK": {
    "top_10_recall": 0.0,
    "top_10_recall_specificity": 0.6666666666666666,
    "marker_ranks_raw": {
      "CD56": {
        "resolved": "CD56",
        "rank": 24,
        "n_tokens": 134,
        "percentile": 0.8283582089552238
      },
      "CD16": {
        "resolved": "CD16",
        "rank": 49,
        "n_tokens": 134,
        "percentile": 0.6417910447761194
      },
      "CD335": {
        "resolved": "CD335",
        "rank": 71,
        "n_tokens": 134,
        "percentile": 0.47761194029850745
      }
    },
    "marker_ranks_specificity": {
      "CD56": {
        "resolved": "CD56",
        "rank": 70,
        "n_tokens": 134,
        "percentile": 0.48507462686567165
      },
      "CD16": {
        "resolved": "CD16",
        "rank": 3,
        "n_tokens": 134,
        "percentile": 0.9850746268656716
      },
      "CD335": {
        "resolved": "CD335",
        "rank": 2,
        "n_tokens": 134,
        "percentile": 0.9925373134328358
      }
    }
  },
  "Transitional B": {
    "top_10_recall": 0.0,
    "top_10_recall_specificity": 0.5,
    "marker_ranks_raw": {
      "CD24": {
        "resolved": "CD24-1",
        "rank": 18,
        "n_tokens": 134,
        "percentile": 0.8731343283582089
      },
      "CD38": {
        "resolved": "CD38-1",
        "rank": 106,
        "n_tokens": 134,
        "percentile": 0.21641791044776118
      },
      "IgM": {
        "resolved": "IgM",
        "rank": 130,
        "n_tokens": 134,
        "percentile": 0.03731343283582089
      },
      "CD19": {
        "resolved": "CD19-1",
        "rank": 76,
        "n_tokens": 134,
        "percentile": 0.44029850746268656
      }
    },
    "marker_ranks_specificity": {
      "CD24": {
        "resolved": "CD24-1",
        "rank": 5,
        "n_tokens": 134,
        "percentile": 0.9701492537313433
      },
      "CD38": {
        "resolved": "CD38-1",
        "rank": 7,
        "n_tokens": 134,
        "percentile": 0.9552238805970149
      },
      "IgM": {
        "resolved": "IgM",
        "rank": 78,
        "n_tokens": 134,
        "percentile": 0.4253731343283582
      },
      "CD19": {
        "resolved": "CD19-1",
        "rank": 13,
        "n_tokens": 134,
        "percentile": 0.9104477611940298
      }
    }
  },
  "pDC": {
    "top_10_recall": 0.0,
    "top_10_recall_specificity": 0.6666666666666666,
    "marker_ranks_raw": {
      "CD123": {
        "resolved": "CD123",
        "rank": 50,
        "n_tokens": 134,
        "percentile": 0.6343283582089553
      },
      "CD303": {
        "resolved": "CD303",
        "rank": 37,
        "n_tokens": 134,
        "percentile": 0.7313432835820896
      },
      "CD304": {
        "resolved": "CD304",
        "rank": 75,
        "n_tokens": 134,
        "percentile": 0.44776119402985076
      }
    },
    "marker_ranks_specificity": {
      "CD123": {
        "resolved": "CD123",
        "rank": 1,
        "n_tokens": 134,
        "percentile": 1.0
      },
      "CD303": {
        "resolved": "CD303",
        "rank": 13,
        "n_tokens": 134,
        "percentile": 0.9104477611940298
      },
      "CD304": {
        "resolved": "CD304",
        "rank": 2,
        "n_tokens": 134,
        "percentile": 0.9925373134328358
      }
    }
  },
  "CD14+ Mono": {
    "top_10_recall": 0.25,
    "top_10_recall_specificity": 0.5,
    "marker_ranks_raw": {
      "CD14": {
        "resolved": "CD14-1",
        "rank": 18,
        "n_tokens": 134,
        "percentile": 0.8731343283582089
      },
      "HLA-DR": {
        "resolved": "HLA-DR",
        "rank": 77,
        "n_tokens": 134,
        "percentile": 0.43283582089552236
      },
      "CD11b": {
        "resolved": "CD11b",
        "rank": 111,
        "n_tokens": 134,
        "percentile": 0.1791044776119403
      },
      "CD64": {
        "resolved": "CD64",
        "rank": 6,
        "n_tokens": 134,
        "percentile": 0.9626865671641791
      }
    },
    "marker_ranks_specificity": {
      "CD14": {
        "resolved": "CD14-1",
        "rank": 26,
        "n_tokens": 134,
        "percentile": 0.8134328358208955
      },
      "HLA-DR": {
        "resolved": "HLA-DR",
        "rank": 75,
        "n_tokens": 134,
        "percentile": 0.44776119402985076
      },
      "CD11b": {
        "resolved": "CD11b",
        "rank": 2,
        "n_tokens": 134,
        "percentile": 0.9925373134328358
      },
      "CD64": {
        "resolved": "CD64",
        "rank": 9,
        "n_tokens": 134,
        "percentile": 0.9402985074626866
      }
    }
  },
  "CD16+ Mono": {
    "top_10_recall": 0.0,
    "top_10_recall_specificity": 0.3333333333333333,
    "marker_ranks_raw": {
      "CD16": {
        "resolved": "CD16",
        "rank": 51,
        "n_tokens": 134,
        "percentile": 0.6268656716417911
      },
      "CX3CR1": {
        "resolved": "CX3CR1-1",
        "rank": 69,
        "n_tokens": 134,
        "percentile": 0.4925373134328358
      },
      "HLA-DR": {
        "resolved": "HLA-DR",
        "rank": 76,
        "n_tokens": 134,
        "percentile": 0.44029850746268656
      }
    },
    "marker_ranks_specificity": {
      "CD16": {
        "resolved": "CD16",
        "rank": 8,
        "n_tokens": 134,
        "percentile": 0.9477611940298507
      },
      "CX3CR1": {
        "resolved": "CX3CR1-1",
        "rank": 34,
        "n_tokens": 134,
        "percentile": 0.753731343283582
      },
      "HLA-DR": {
        "resolved": "HLA-DR",
        "rank": 21,
        "n_tokens": 134,
        "percentile": 0.8507462686567164
      }
    }
  },
  "CD4+ T naive": {
    "top_10_recall": 0.25,
    "top_10_recall_specificity": 0.5,
    "marker_ranks_raw": {
      "CD3": {
        "resolved": "CD3",
        "rank": 127,
        "n_tokens": 134,
        "percentile": 0.05970149253731343
      },
      "CD4": {
        "resolved": "CD4-1",
        "rank": 70,
        "n_tokens": 134,
        "percentile": 0.48507462686567165
      },
      "CD45RA": {
        "resolved": "CD45RA",
        "rank": 2,
        "n_tokens": 134,
        "percentile": 0.9925373134328358
      },
      "CD62L": {
        "resolved": "CD62L",
        "rank": 51,
        "n_tokens": 134,
        "percentile": 0.6268656716417911
      }
    },
    "marker_ranks_specificity": {
      "CD3": {
        "resolved": "CD3",
        "rank": 3,
        "n_tokens": 134,
        "percentile": 0.9850746268656716
      },
      "CD4": {
        "resolved": "CD4-1",
        "rank": 1,
        "n_tokens": 134,
        "percentile": 1.0
      },
      "CD45RA": {
        "resolved": "CD45RA",
        "rank": 19,
        "n_tokens": 134,
        "percentile": 0.8656716417910447
      },
      "CD62L": {
        "resolved": "CD62L",
        "rank": 15,
        "n_tokens": 134,
        "percentile": 0.8955223880597015
      }
    }
  },
  "CD4+ T activated": {
    "top_10_recall": 0.0,
    "top_10_recall_specificity": 0.5,
    "marker_ranks_raw": {
      "CD3": {
        "resolved": "CD3",
        "rank": 127,
        "n_tokens": 134,
        "percentile": 0.05970149253731343
      },
      "CD4": {
        "resolved": "CD4-1",
        "rank": 70,
        "n_tokens": 134,
        "percentile": 0.48507462686567165
      },