{
  "within_mean": 0.001262287190277316,
  "between_mean": 0.0003630493890095497,
  "ratio": 3.4769021199044423,
  "n_clusters": 7
}