{
  "within_mean": 0.0014286892209090453,
  "between_mean": 0.00038210863743888914,
  "ratio": 3.7389608109487877,
  "n_clusters": 5
}