{
  "within_mean": 0.0014754130333871282,
  "between_mean": 0.0003581553139742918,
  "ratio": 4.119478270516552,
  "n_clusters": 5
}