{
  "within_mean": 0.0012799495012707739,
  "between_mean": 0.0003519500798523089,
  "ratio": 3.6367359308680576,
  "n_clusters": 5
}