{
  "within_mean": 0.0012328304665666125,
  "between_mean": 0.00031099587496308224,
  "ratio": 3.9641376809675033,
  "n_clusters": 4
}