{
  "within_mean": 0.0013805737306073552,
  "between_mean": 0.00036092026706415273,
  "ratio": 3.8251488115017978,
  "n_clusters": 6
}