{
  "within_mean": 0.0012748557677388487,
  "between_mean": 0.00034674842059284725,
  "ratio": 3.6766015128754894,
  "n_clusters": 4
}