{
  "within_mean": 0.0011700593981955564,
  "between_mean": 0.0003140358740010038,
  "ratio": 3.7258781402529078,
  "n_clusters": 4
}