{
  "within_mean": 0.0011787914784874391,
  "between_mean": 0.00031894501280982173,
  "ratio": 3.6959081695700333,
  "n_clusters": 4
}