{
  "within_mean": 0.0015180245834648662,
  "between_mean": 0.0005108953472643129,
  "ratio": 2.9713024234677805,
  "n_clusters": 5
}