{
  "within_mean": 0.001428147204684684,
  "between_mean": 0.00038217102190713273,
  "ratio": 3.7369322183504603,
  "n_clusters": 6
}