{
  "within_mean": 0.0014290018455373262,
  "between_mean": 0.0003464830211655151,
  "ratio": 4.124305545277185,
  "n_clusters": 5
}